"group","email","enabled","id","facebookId","name","firstname","lastname","description","gender","picture","phone","address","city","zipcode","dateOfBirth"
"admin","rchalas@sutunam.com",1,1,,,"Robin","Chalas","Lorem ipsum dolor sit amet, consectetur adipiscing elit. Vestibulum tempus velit vitae urna hendrerit hendrerit. Sed libero metus, molestie et dignissim sit amet, lacinia in sapien. In volutpat, tortor quis posuere pharetra, eros mi eleifend metus, in mattis nulla sapien ut magna. Morbi turpis tellus, dictum a molestie in, porttitor a leo. Nullam luctus turpis eu lacus efficitur ultricies. Nam interdum lorem non ex facilisis dictum. Pellentesque congue eget velit at dictum.

Proin pellentesque ultrices luctus. Fusce bibendum mauris vitae massa dignissim, sit amet finibus elit gravida. Vivamus mattis urna metus, sed hendrerit quam sollicitudin sit amet. Mauris tempor ex a neque efficitur accumsan. Etiam venenatis bibendum congue. Pellentesque habitant morbi tristique senectus et netus et malesuada fames ac turpis egestas. Duis gravida nulla eget neque eleifend gravida. Nullam id eros vitae urna ullamcorper imperdiet. Vivamus hendrerit erat turpis, et laoreet sapien scelerisque vel.","m","avatar2.jpg",28695478,"17 rue des Templiers","PARIS",75002,01/23/80
"admin","romain@sutunam.com",1,2,,,"Romain","Lavaud","Proin consectetur egestas nulla at sagittis. Integer tempor mi nec placerat egestas. Sed sed sollicitudin diam. Morbi sodales, purus vel pellentesque tempor, lorem est molestie ex, in gravida leo velit sed risus. Praesent id lorem massa. Donec id consequat lacus. Donec consequat consequat finibus. Vestibulum sed bibendum dui. Aliquam erat volutpat.

Mauris tincidunt at lorem at rutrum. Vestibulum ultrices quam ex, a fermentum mi lobortis a. Proin sit amet neque a libero porttitor blandit. Vestibulum sed tempor nulla. Aliquam nec dictum ligula, id commodo nisi. Aenean vel blandit nulla. Donec lacinia, sapien vitae malesuada hendrerit, nisl sem porta felis, id gravida risus metus at magna. Suspendisse gravida justo at sagittis blandit. Etiam ullamcorper vel dui eget tincidunt. Aliquam sit amet maximus tortor. Donec euismod urna urna, id ultrices ligula ullamcorper in. Aliquam rutrum, quam ac ullamcorper vehicula, urna nunc egestas metus, at dapibus magna diam at lectus. Vestibulum rhoncus interdum magna a convallis. Duis id magna et nibh sagittis cursus et eget orci.","m","1.jpg",25896324,"17 allée des fousserettes","PARIS",75003,12/23/1986
"sportrooper","thomasbibaut@sutunam.com",1,3,,,"Thomas","Bibaut","Nullam porta nisl id vehicula tincidunt. Integer augue nisl, finibus ut hendrerit eu, commodo ut libero. Etiam interdum leo at velit scelerisque dictum. Nam placerat risus enim, ac viverra neque varius in. Quisque laoreet felis justo, ac consectetur sem tempus id. Curabitur placerat nec risus in ultrices. Sed in maximus felis, quis accumsan ipsum. Etiam in facilisis ligula. Nullam a quam eleifend, ultricies diam sit amet, semper turpis. Nullam erat libero, vulputate eu ante at, fringilla semper leo. Fusce sed erat a elit eleifend condimentum at ut justo. Curabitur fermentum nibh non lobortis accumsan. Aenean malesuada nisi sapien, tempus faucibus massa eleifend vitae. Etiam fermentum vitae diam at suscipit. Praesent eu ipsum eget justo dictum hendrerit ut eget mi.","f","2.jpg",32878501,"596bis route des Champs","PARIS",75004,11/25/1919
"sportrooper","sluaire@sutunam.com",1,4,,,"Simon","Luaire","Proin pellentesque ultrices luctus. Fusce bibendum mauris vitae massa dignissim, sit amet finibus elit gravida. Vivamus mattis urna metus, sed hendrerit quam sollicitudin sit amet. Mauris tempor ex a neque efficitur accumsan. Etiam venenatis bibendum congue. Pellentesque habitant morbi tristique senectus et netus et malesuada fames ac turpis egestas. Duis gravida nulla eget neque eleifend gravida. Nullam id eros vitae urna ullamcorper imperdiet. Vivamus hendrerit erat turpis, et laoreet sapien scelerisque vel.

Proin consectetur egestas nulla at sagittis. Integer tempor mi nec placerat egestas. Sed sed sollicitudin diam. Morbi sodales, purus vel pellentesque tempor, lorem est molestie ex, in gravida leo velit sed risus. Praesent id lorem massa. Donec id consequat lacus. Donec consequat consequat finibus. Vestibulum sed bibendum dui. Aliquam erat volutpat.

","m","3.jpg",25875233,"78 rue de la liberation ","PARIS",75005,12/12/2001
"sportrooper","rtanguy@sutunam.com",1,5,,,"Tanguy","Rambaud","Proin consectetur egestas nulla at sagittis. Integer tempor mi nec placerat egestas. Sed sed sollicitudin diam. Morbi sodales, purus vel pellentesque tempor, lorem est molestie ex, in gravida leo velit sed risus. Praesent id lorem massa. Donec id consequat lacus. Donec consequat consequat finibus. Vestibulum sed bibendum dui. Aliquam erat volutpat.

Mauris tincidunt at lorem at rutrum. Vestibulum ultrices quam ex, a fermentum mi lobortis a. Proin sit amet neque a libero porttitor blandit. Vestibulum sed tempor nulla. Aliquam nec dictum ligula, id commodo nisi. Aenean vel blandit nulla. Donec lacinia, sapien vitae malesuada hendrerit, nisl sem porta felis, id gravida risus metus at magna. Suspendisse gravida justo at sagittis blandit. Etiam ullamcorper vel dui eget tincidunt. Aliquam sit amet maximus tortor. Donec euismod urna urna, id ultrices ligula ullamcorper in. Aliquam rutrum, quam ac ullamcorper vehicula, urna nunc egestas metus, at dapibus magna diam at lectus. Vestibulum rhoncus interdum magna a convallis. Duis id magna et nibh sagittis cursus et eget orci.","m","4.jpg",25887426,"20 avenue du General Leclerc de la Picardière","PARIS",75006,03/10/1956
"sportrooper","martin@sutunam.com",1,6,,,"Martin","Panel","Nullam porta nisl id vehicula tincidunt. Integer augue nisl, finibus ut hendrerit eu, commodo ut libero. Etiam interdum leo at velit scelerisque dictum. Nam placerat risus enim, ac viverra neque varius in. Quisque laoreet felis justo, ac consectetur sem tempus id. Curabitur placerat nec risus in ultrices. Sed in maximus felis, quis accumsan ipsum. Etiam in facilisis ligula. Nullam a quam eleifend, ultricies diam sit amet, semper turpis. Nullam erat libero, vulputate eu ante at, fringilla semper leo. Fusce sed erat a elit eleifend condimentum at ut justo. Curabitur fermentum nibh non lobortis accumsan. Aenean malesuada nisi sapien, tempus faucibus massa eleifend vitae. Etiam fermentum vitae diam at suscipit. Praesent eu ipsum eget justo dictum hendrerit ut eget mi.","m","5.jpg",25875698,"596bis route des Champs","PARIS",75007,12/05/1984
"sportrooper","lromain@sutunam.com",1,7,,,"Romaine","Sutunam","Proin pellentesque ultrices luctus. Fusce bibendum mauris vitae massa dignissim, sit amet finibus elit gravida. Vivamus mattis urna metus, sed hendrerit quam sollicitudin sit amet. Mauris tempor ex a neque efficitur accumsan. Etiam venenatis bibendum congue. Pellentesque habitant morbi tristique senectus et netus et malesuada fames ac turpis egestas. Duis gravida nulla eget neque eleifend gravida. Nullam id eros vitae urna ullamcorper imperdiet. Vivamus hendrerit erat turpis, et laoreet sapien scelerisque vel.

Proin consectetur egestas nulla at sagittis. Integer tempor mi nec placerat egestas. Sed sed sollicitudin diam. Morbi sodales, purus vel pellentesque tempor, lorem est molestie ex, in gravida leo velit sed risus. Praesent id lorem massa. Donec id consequat lacus. Donec consequat consequat finibus. Vestibulum sed bibendum dui. Aliquam erat volutpat.

","f","6.jpg",28574526,"897 boulevard des feuilles mortes","PARIS",75008,08/09/1990
"sportrooper","janedoe@yopmail.com",1,8,,,"Jane","Doe","Nullam porta nisl id vehicula tincidunt. Integer augue nisl, finibus ut hendrerit eu, commodo ut libero. Etiam interdum leo at velit scelerisque dictum. Nam placerat risus enim, ac viverra neque varius in. Quisque laoreet felis justo, ac consectetur sem tempus id. Curabitur placerat nec risus in ultrices. Sed in maximus felis, quis accumsan ipsum. Etiam in facilisis ligula. Nullam a quam eleifend, ultricies diam sit amet, semper turpis. Nullam erat libero, vulputate eu ante at, fringilla semper leo. Fusce sed erat a elit eleifend condimentum at ut justo. Curabitur fermentum nibh non lobortis accumsan. Aenean malesuada nisi sapien, tempus faucibus massa eleifend vitae. Etiam fermentum vitae diam at suscipit. Praesent eu ipsum eget justo dictum hendrerit ut eget mi.","f","7.jpg",26854211,"20 avenue du General Leclerc de la Picardière","PARIS",75009,12/12/1995
"sportrooper","stevedoe@yopmail.com",1,9,,,"Steve","Doe","Holla","m","8.jpg",36841125,"21 route de tronc","PARIS",75010,08/09/90
"sportrooper","jmcgo@yopmail.com",1,10,,,"John","McGonaghan","Proin consectetur egestas nulla at sagittis. Integer tempor mi nec placerat egestas. Sed sed sollicitudin diam. Morbi sodales, purus vel pellentesque tempor, lorem est molestie ex, in gravida leo velit sed risus. Praesent id lorem massa. Donec id consequat lacus. Donec consequat consequat finibus. Vestibulum sed bibendum dui. Aliquam erat volutpat.

Mauris tincidunt at lorem at rutrum. Vestibulum ultrices quam ex, a fermentum mi lobortis a. Proin sit amet neque a libero porttitor blandit. Vestibulum sed tempor nulla. Aliquam nec dictum ligula, id commodo nisi. Aenean vel blandit nulla. Donec lacinia, sapien vitae malesuada hendrerit, nisl sem porta felis, id gravida risus metus at magna. Suspendisse gravida justo at sagittis blandit. Etiam ullamcorper vel dui eget tincidunt. Aliquam sit amet maximus tortor. Donec euismod urna urna, id ultrices ligula ullamcorper in. Aliquam rutrum, quam ac ullamcorper vehicula, urna nunc egestas metus, at dapibus magna diam at lectus. Vestibulum rhoncus interdum magna a convallis. Duis id magna et nibh sagittis cursus et eget orci.","f","9.jpg",725622656,"17 rue des Templiers","PARIS",75011,12/12/2001
"sportrooper","lyphuong@yopmail.com",1,11,,,"Ly","Phuong Nguyen","Coucou","f","10.jpg",86020520,"596bis route des Champs","PARIS",75012,12/23/1986
"coach","l.romain@sutunam.com",1,12,,,"Steve","Trident","Proin pellentesque ultrices luctus. Fusce bibendum mauris vitae massa dignissim, sit amet finibus elit gravida. Vivamus mattis urna metus, sed hendrerit quam sollicitudin sit amet. Mauris tempor ex a neque efficitur accumsan. Etiam venenatis bibendum congue. Pellentesque habitant morbi tristique senectus et netus et malesuada fames ac turpis egestas. Duis gravida nulla eget neque eleifend gravida. Nullam id eros vitae urna ullamcorper imperdiet. Vivamus hendrerit erat turpis, et laoreet sapien scelerisque vel.

Proin consectetur egestas nulla at sagittis. Integer tempor mi nec placerat egestas. Sed sed sollicitudin diam. Morbi sodales, purus vel pellentesque tempor, lorem est molestie ex, in gravida leo velit sed risus. Praesent id lorem massa. Donec id consequat lacus. Donec consequat consequat finibus. Vestibulum sed bibendum dui. Aliquam erat volutpat.

","m","11.jpg",26512126,"21 route de tronc","PARIS",75013,08/09/1990
"coach","janailloud@yopmail.com",1,13,,,"Jan","Ailloud","Proin consectetur egestas nulla at sagittis. Integer tempor mi nec placerat egestas. Sed sed sollicitudin diam. Morbi sodales, purus vel pellentesque tempor, lorem est molestie ex, in gravida leo velit sed risus. Praesent id lorem massa. Donec id consequat lacus. Donec consequat consequat finibus. Vestibulum sed bibendum dui. Aliquam erat volutpat.

Mauris tincidunt at lorem at rutrum. Vestibulum ultrices quam ex, a fermentum mi lobortis a. Proin sit amet neque a libero porttitor blandit. Vestibulum sed tempor nulla. Aliquam nec dictum ligula, id commodo nisi. Aenean vel blandit nulla. Donec lacinia, sapien vitae malesuada hendrerit, nisl sem porta felis, id gravida risus metus at magna. Suspendisse gravida justo at sagittis blandit. Etiam ullamcorper vel dui eget tincidunt. Aliquam sit amet maximus tortor. Donec euismod urna urna, id ultrices ligula ullamcorper in. Aliquam rutrum, quam ac ullamcorper vehicula, urna nunc egestas metus, at dapibus magna diam at lectus. Vestibulum rhoncus interdum magna a convallis. Duis id magna et nibh sagittis cursus et eget orci.","m","12.jpg",39521225,"24 boulevard saint honore","PARIS",75014,12/12/01
"coach","mouchard@yopmail.com",1,14,,,"Pierre-Yves","de la Mouchardière","Nullam porta nisl id vehicula tincidunt. Integer augue nisl, finibus ut hendrerit eu, commodo ut libero. Etiam interdum leo at velit scelerisque dictum. Nam placerat risus enim, ac viverra neque varius in. Quisque laoreet felis justo, ac consectetur sem tempus id. Curabitur placerat nec risus in ultrices. Sed in maximus felis, quis accumsan ipsum. Etiam in facilisis ligula. Nullam a quam eleifend, ultricies diam sit amet, semper turpis. Nullam erat libero, vulputate eu ante at, fringilla semper leo. Fusce sed erat a elit eleifend condimentum at ut justo. Curabitur fermentum nibh non lobortis accumsan. Aenean malesuada nisi sapien, tempus faucibus massa eleifend vitae. Etiam fermentum vitae diam at suscipit. Praesent eu ipsum eget justo dictum hendrerit ut eget mi.","m","13.jpg",55426562,"17 allée des fousserettes","PARIS",75015,12/23/1986
"coach","kieu@yopmail.com",1,15,,,"Kieu","Anh Nguyen","Proin pellentesque ultrices luctus. Fusce bibendum mauris vitae massa dignissim, sit amet finibus elit gravida. Vivamus mattis urna metus, sed hendrerit quam sollicitudin sit amet. Mauris tempor ex a neque efficitur accumsan. Etiam venenatis bibendum congue. Pellentesque habitant morbi tristique senectus et netus et malesuada fames ac turpis egestas. Duis gravida nulla eget neque eleifend gravida. Nullam id eros vitae urna ullamcorper imperdiet. Vivamus hendrerit erat turpis, et laoreet sapien scelerisque vel.

Proin consectetur egestas nulla at sagittis. Integer tempor mi nec placerat egestas. Sed sed sollicitudin diam. Morbi sodales, purus vel pellentesque tempor, lorem est molestie ex, in gravida leo velit sed risus. Praesent id lorem massa. Donec id consequat lacus. Donec consequat consequat finibus. Vestibulum sed bibendum dui. Aliquam erat volutpat.

","f","14.jpg",56410521,"897 boulevard des feuilles mortes","PARIS",75016,12/12/1995
"coach","matdeb@yopmail.com",1,16,,,"Mathieu","Debruyère","Proin consectetur egestas nulla at sagittis. Integer tempor mi nec placerat egestas. Sed sed sollicitudin diam. Morbi sodales, purus vel pellentesque tempor, lorem est molestie ex, in gravida leo velit sed risus. Praesent id lorem massa. Donec id consequat lacus. Donec consequat consequat finibus. Vestibulum sed bibendum dui. Aliquam erat volutpat.

Mauris tincidunt at lorem at rutrum. Vestibulum ultrices quam ex, a fermentum mi lobortis a. Proin sit amet neque a libero porttitor blandit. Vestibulum sed tempor nulla. Aliquam nec dictum ligula, id commodo nisi. Aenean vel blandit nulla. Donec lacinia, sapien vitae malesuada hendrerit, nisl sem porta felis, id gravida risus metus at magna. Suspendisse gravida justo at sagittis blandit. Etiam ullamcorper vel dui eget tincidunt. Aliquam sit amet maximus tortor. Donec euismod urna urna, id ultrices ligula ullamcorper in. Aliquam rutrum, quam ac ullamcorper vehicula, urna nunc egestas metus, at dapibus magna diam at lectus. Vestibulum rhoncus interdum magna a convallis. Duis id magna et nibh sagittis cursus et eget orci.","m","15.jpg",24505620,"20 avenue du General Leclerc de la Picardière","PARIS",75001,12/12/1995
"coach","celestine@yopmail.com",1,17,,,"Celestine","Gauthier","Proin consectetur egestas nulla at sagittis. Integer tempor mi nec placerat egestas. Sed sed sollicitudin diam. Morbi sodales, purus vel pellentesque tempor, lorem est molestie ex, in gravida leo velit sed risus. Praesent id lorem massa. Donec id consequat lacus. Donec consequat consequat finibus. Vestibulum sed bibendum dui. Aliquam erat volutpat.  Mauris tincidunt at lorem at rutrum. Vestibulum ultrices quam ex, a fermentum mi lobortis a. Proin sit amet neque a libero porttitor blandit. Vestibulum sed tempor nulla. Aliquam nec dictum ligula, id commodo nisi. Aenean vel blandit nulla. Donec lacinia, sapien vitae malesuada hendrerit, nisl sem porta felis, id gravida risus metus at magna. Suspendisse gravida justo at sagittis blandit. Etiam ullamcorper vel dui eget tincidunt. Aliquam sit amet maximus tortor. Donec euismod urna urna, id ultrices ligula ullamcorper in. Aliquam rutrum, quam ac ullamcorper vehicula, urna nunc egestas metus, at dapibus magna diam at lectus. Vestibulum rhoncus interdum magna a convallis. Duis id magna et nibh sagittis cursus et eget orci.","f","16.jpg",58100565,"17 allée des fousserettes","PARIS",75002,12/23/1986
"coach","jeanmouchete@yopmail.com",1,18,,,"Jean","Moucheté","Nullam porta nisl id vehicula tincidunt. Integer augue nisl, finibus ut hendrerit eu, commodo ut libero. Etiam interdum leo at velit scelerisque dictum. Nam placerat risus enim, ac viverra neque varius in. Quisque laoreet felis justo, ac consectetur sem tempus id. Curabitur placerat nec risus in ultrices. Sed in maximus felis, quis accumsan ipsum. Etiam in facilisis ligula. Nullam a quam eleifend, ultricies diam sit amet, semper turpis. Nullam erat libero, vulputate eu ante at, fringilla semper leo. Fusce sed erat a elit eleifend condimentum at ut justo. Curabitur fermentum nibh non lobortis accumsan. Aenean malesuada nisi sapien, tempus faucibus massa eleifend vitae. Etiam fermentum vitae diam at suscipit. Praesent eu ipsum eget justo dictum hendrerit ut eget mi.","m","17.jpg",165045223,"17 rue des Templiers","PARIS",75003,12/12/1995
"coach","jeanne@yopmail.com",1,19,,,"Jeanne","Fauvelet","Lorem ipsum dolor sit amet, consectetur adipiscing elit. Vestibulum tempus velit vitae urna hendrerit hendrerit. Sed libero metus, molestie et dignissim sit amet, lacinia in sapien. In volutpat, tortor quis posuere pharetra, eros mi eleifend metus, in mattis nulla sapien ut magna. Morbi turpis tellus, dictum a molestie in, porttitor a leo. Nullam luctus turpis eu lacus efficitur ultricies. Nam interdum lorem non ex facilisis dictum. Pellentesque congue eget velit at dictum.

Proin pellentesque ultrices luctus. Fusce bibendum mauris vitae massa dignissim, sit amet finibus elit gravida. Vivamus mattis urna metus, sed hendrerit quam sollicitudin sit amet. Mauris tempor ex a neque efficitur accumsan. Etiam venenatis bibendum congue. Pellentesque habitant morbi tristique senectus et netus et malesuada fames ac turpis egestas. Duis gravida nulla eget neque eleifend gravida. Nullam id eros vitae urna ullamcorper imperdiet. Vivamus hendrerit erat turpis, et laoreet sapien scelerisque vel.","f","18.jpg",21682000,"78 rue de la liberation ","PARIS",75004,12/12/2001
"coach","yacine@yopmail.com",1,20,,,"Yacine","ElChikkih","Proin consectetur egestas nulla at sagittis. Integer tempor mi nec placerat egestas. Sed sed sollicitudin diam. Morbi sodales, purus vel pellentesque tempor, lorem est molestie ex, in gravida leo velit sed risus. Praesent id lorem massa. Donec id consequat lacus. Donec consequat consequat finibus. Vestibulum sed bibendum dui. Aliquam erat volutpat.

Mauris tincidunt at lorem at rutrum. Vestibulum ultrices quam ex, a fermentum mi lobortis a. Proin sit amet neque a libero porttitor blandit. Vestibulum sed tempor nulla. Aliquam nec dictum ligula, id commodo nisi. Aenean vel blandit nulla. Donec lacinia, sapien vitae malesuada hendrerit, nisl sem porta felis, id gravida risus metus at magna. Suspendisse gravida justo at sagittis blandit. Etiam ullamcorper vel dui eget tincidunt. Aliquam sit amet maximus tortor. Donec euismod urna urna, id ultrices ligula ullamcorper in. Aliquam rutrum, quam ac ullamcorper vehicula, urna nunc egestas metus, at dapibus magna diam at lectus. Vestibulum rhoncus interdum magna a convallis. Duis id magna et nibh sagittis cursus et eget orci.","m","19.jpg",98223185,"24 boulevard saint honore","PARIS",75005,12/12/95
"coach","tommy@yopmail.com",1,21,,,"Tommy","Hilfiger","Nullam porta nisl id vehicula tincidunt. Integer augue nisl, finibus ut hendrerit eu, commodo ut libero. Etiam interdum leo at velit scelerisque dictum. Nam placerat risus enim, ac viverra neque varius in. Quisque laoreet felis justo, ac consectetur sem tempus id. Curabitur placerat nec risus in ultrices. Sed in maximus felis, quis accumsan ipsum. Etiam in facilisis ligula. Nullam a quam eleifend, ultricies diam sit amet, semper turpis. Nullam erat libero, vulputate eu ante at, fringilla semper leo. Fusce sed erat a elit eleifend condimentum at ut justo. Curabitur fermentum nibh non lobortis accumsan. Aenean malesuada nisi sapien, tempus faucibus massa eleifend vitae. Etiam fermentum vitae diam at suscipit. Praesent eu ipsum eget justo dictum hendrerit ut eget mi.","m","20.jpg",50202520,"17 rue des Templiers","PARIS",75006,12/23/1986
"provider","gyldeshalles@yopmail.com",1,22,,"Gym des Halles",,,"Proin consectetur egestas nulla at sagittis. Integer tempor mi nec placerat egestas. Sed sed sollicitudin diam. Morbi sodales, purus vel pellentesque tempor, lorem est molestie ex, in gravida leo velit sed risus. Praesent id lorem massa. Donec id consequat lacus. Donec consequat consequat finibus. Vestibulum sed bibendum dui. Aliquam erat volutpat.  Mauris tincidunt at lorem at rutrum. Vestibulum ultrices quam ex, a fermentum mi lobortis a. Proin sit amet neque a libero porttitor blandit. Vestibulum sed tempor nulla. Aliquam nec dictum ligula, id commodo nisi. Aenean vel blandit nulla. Donec lacinia, sapien vitae malesuada hendrerit, nisl sem porta felis, id gravida risus metus at magna. Suspendisse gravida justo at sagittis blandit. Etiam ullamcorper vel dui eget tincidunt. Aliquam sit amet maximus tortor. Donec euismod urna urna, id ultrices ligula ullamcorper in. Aliquam rutrum, quam ac ullamcorper vehicula, urna nunc egestas metus, at dapibus magna diam at lectus. Vestibulum rhoncus interdum magna a convallis. Duis id magna et nibh sagittis cursus et eget orci.",,"21.jpg",94203821,"897 boulevard des feuilles mortes","PARIS",75007,
"provider","fitness@yopmail.com",1,23,,"Salle fitness du grand recoin",,,"Proin consectetur egestas nulla at sagittis. Integer tempor mi nec placerat egestas. Sed sed sollicitudin diam. Morbi sodales, purus vel pellentesque tempor, lorem est molestie ex, in gravida leo velit sed risus. Praesent id lorem massa. Donec id consequat lacus. Donec consequat consequat finibus. Vestibulum sed bibendum dui. Aliquam erat volutpat.

Mauris tincidunt at lorem at rutrum. Vestibulum ultrices quam ex, a fermentum mi lobortis a. Proin sit amet neque a libero porttitor blandit. Vestibulum sed tempor nulla. Aliquam nec dictum ligula, id commodo nisi. Aenean vel blandit nulla. Donec lacinia, sapien vitae malesuada hendrerit, nisl sem porta felis, id gravida risus metus at magna. Suspendisse gravida justo at sagittis blandit. Etiam ullamcorper vel dui eget tincidunt. Aliquam sit amet maximus tortor. Donec euismod urna urna, id ultrices ligula ullamcorper in. Aliquam rutrum, quam ac ullamcorper vehicula, urna nunc egestas metus, at dapibus magna diam at lectus. Vestibulum rhoncus interdum magna a convallis. Duis id magna et nibh sagittis cursus et eget orci.",,"22.jpg",28426588,"17 allée des fousserettes","PARIS",75008,
"provider","mulitisport@yopmail.com",1,24,,"Gymnase multisport",,,"Nullam porta nisl id vehicula tincidunt. Integer augue nisl, finibus ut hendrerit eu, commodo ut libero. Etiam interdum leo at velit scelerisque dictum. Nam placerat risus enim, ac viverra neque varius in. Quisque laoreet felis justo, ac consectetur sem tempus id. Curabitur placerat nec risus in ultrices. Sed in maximus felis, quis accumsan ipsum. Etiam in facilisis ligula. Nullam a quam eleifend, ultricies diam sit amet, semper turpis. Nullam erat libero, vulputate eu ante at, fringilla semper leo. Fusce sed erat a elit eleifend condimentum at ut justo. Curabitur fermentum nibh non lobortis accumsan. Aenean malesuada nisi sapien, tempus faucibus massa eleifend vitae. Etiam fermentum vitae diam at suscipit. Praesent eu ipsum eget justo dictum hendrerit ut eget mi.",,"23.jpg",24852982,"24 boulevard saint honore","PARIS",75009,
"provider","fontaines@yopmail.com",1,25,,"Salle des fontaines",,,"Lorem ipsum dolor sit amet, consectetur adipiscing elit. Vestibulum tempus velit vitae urna hendrerit hendrerit. Sed libero metus, molestie et dignissim sit amet, lacinia in sapien. In volutpat, tortor quis posuere pharetra, eros mi eleifend metus, in mattis nulla sapien ut magna. Morbi turpis tellus, dictum a molestie in, porttitor a leo. Nullam luctus turpis eu lacus efficitur ultricies. Nam interdum lorem non ex facilisis dictum. Pellentesque congue eget velit at dictum.

Proin pellentesque ultrices luctus. Fusce bibendum mauris vitae massa dignissim, sit amet finibus elit gravida. Vivamus mattis urna metus, sed hendrerit quam sollicitudin sit amet. Mauris tempor ex a neque efficitur accumsan. Etiam venenatis bibendum congue. Pellentesque habitant morbi tristique senectus et netus et malesuada fames ac turpis egestas. Duis gravida nulla eget neque eleifend gravida. Nullam id eros vitae urna ullamcorper imperdiet. Vivamus hendrerit erat turpis, et laoreet sapien scelerisque vel.",,"24.jpg",55324532,"78 rue de la liberation ","PARIS",75010,
"provider","colline@yopmail.com",1,26,,"Gym du haut de la colline",,,,,"25.jpg",25852656,"21 route de tronc","PARIS",75011,
"provider","muscufitness@yopmail.com",1,27,,"Muscu'Fitness Club",,,"Proin consectetur egestas nulla at sagittis. Integer tempor mi nec placerat egestas. Sed sed sollicitudin diam. Morbi sodales, purus vel pellentesque tempor, lorem est molestie ex, in gravida leo velit sed risus. Praesent id lorem massa. Donec id consequat lacus. Donec consequat consequat finibus. Vestibulum sed bibendum dui. Aliquam erat volutpat.  Mauris tincidunt at lorem at rutrum. Vestibulum ultrices quam ex, a fermentum mi lobortis a. Proin sit amet neque a libero porttitor blandit. Vestibulum sed tempor nulla. Aliquam nec dictum ligula, id commodo nisi. Aenean vel blandit nulla. Donec lacinia, sapien vitae malesuada hendrerit, nisl sem porta felis, id gravida risus metus at magna. Suspendisse gravida justo at sagittis blandit. Etiam ullamcorper vel dui eget tincidunt. Aliquam sit amet maximus tortor. Donec euismod urna urna, id ultrices ligula ullamcorper in. Aliquam rutrum, quam ac ullamcorper vehicula, urna nunc egestas metus, at dapibus magna diam at lectus. Vestibulum rhoncus interdum magna a convallis. Duis id magna et nibh sagittis cursus et eget orci.",,"26.jpg",55423652,"17 rue des Templiers","PARIS",75012,
"provider","mouchebeu@yopmail.com",1,28,,"Mouchebeu les allus",,,"Lorem ipsum dolor sit amet, consectetur adipiscing elit. Vestibulum tempus velit vitae urna hendrerit hendrerit. Sed libero metus, molestie et dignissim sit amet, lacinia in sapien. In volutpat, tortor quis posuere pharetra, eros mi eleifend metus, in mattis nulla sapien ut magna. Morbi turpis tellus, dictum a molestie in, porttitor a leo. Nullam luctus turpis eu lacus efficitur ultricies. Nam interdum lorem non ex facilisis dictum. Pellentesque congue eget velit at dictum.

Proin pellentesque ultrices luctus. Fusce bibendum mauris vitae massa dignissim, sit amet finibus elit gravida. Vivamus mattis urna metus, sed hendrerit quam sollicitudin sit amet. Mauris tempor ex a neque efficitur accumsan. Etiam venenatis bibendum congue. Pellentesque habitant morbi tristique senectus et netus et malesuada fames ac turpis egestas. Duis gravida nulla eget neque eleifend gravida. Nullam id eros vitae urna ullamcorper imperdiet. Vivamus hendrerit erat turpis, et laoreet sapien scelerisque vel.",,"27.jpg",55212554,"17 allée des fousserettes","PARIS",75013,
"provider","aquasport@yopmail.com",1,29,,"Aquasport gym en place",,,"Proin consectetur egestas nulla at sagittis. Integer tempor mi nec placerat egestas. Sed sed sollicitudin diam. Morbi sodales, purus vel pellentesque tempor, lorem est molestie ex, in gravida leo velit sed risus. Praesent id lorem massa. Donec id consequat lacus. Donec consequat consequat finibus. Vestibulum sed bibendum dui. Aliquam erat volutpat.

Mauris tincidunt at lorem at rutrum. Vestibulum ultrices quam ex, a fermentum mi lobortis a. Proin sit amet neque a libero porttitor blandit. Vestibulum sed tempor nulla. Aliquam nec dictum ligula, id commodo nisi. Aenean vel blandit nulla. Donec lacinia, sapien vitae malesuada hendrerit, nisl sem porta felis, id gravida risus metus at magna. Suspendisse gravida justo at sagittis blandit. Etiam ullamcorper vel dui eget tincidunt. Aliquam sit amet maximus tortor. Donec euismod urna urna, id ultrices ligula ullamcorper in. Aliquam rutrum, quam ac ullamcorper vehicula, urna nunc egestas metus, at dapibus magna diam at lectus. Vestibulum rhoncus interdum magna a convallis. Duis id magna et nibh sagittis cursus et eget orci.",,"28.jpg",55535410,"596bis route des Champs","PARIS",75014,
"provider","dojodesfamilles@yopmail.com",1,30,,"Dojo des familles",,,"Lorem ipsum dolor sit amet, consectetur adipiscing elit. Vestibulum tempus velit vitae urna hendrerit hendrerit. Sed libero metus, molestie et dignissim sit amet, lacinia in sapien. In volutpat, tortor quis posuere pharetra, eros mi eleifend metus, in mattis nulla sapien ut magna. Morbi turpis tellus, dictum a molestie in, porttitor a leo. Nullam luctus turpis eu lacus efficitur ultricies. Nam interdum lorem non ex facilisis dictum. Pellentesque congue eget velit at dictum.

Proin pellentesque ultrices luctus. Fusce bibendum mauris vitae massa dignissim, sit amet finibus elit gravida. Vivamus mattis urna metus, sed hendrerit quam sollicitudin sit amet. Mauris tempor ex a neque efficitur accumsan. Etiam venenatis bibendum congue. Pellentesque habitant morbi tristique senectus et netus et malesuada fames ac turpis egestas. Duis gravida nulla eget neque eleifend gravida. Nullam id eros vitae urna ullamcorper imperdiet. Vivamus hendrerit erat turpis, et laoreet sapien scelerisque vel.",,"29.jpg",55512558,"20 avenue du General Leclerc de la Picardière","PARIS",75015,
"provider","egliseepis@yopmail.com",1,31,,"Eglise episcopale du clan des borgnes",,,"Proin consectetur egestas nulla at sagittis. Integer tempor mi nec placerat egestas. Sed sed sollicitudin diam. Morbi sodales, purus vel pellentesque tempor, lorem est molestie ex, in gravida leo velit sed risus. Praesent id lorem massa. Donec id consequat lacus. Donec consequat consequat finibus. Vestibulum sed bibendum dui. Aliquam erat volutpat.

Mauris tincidunt at lorem at rutrum. Vestibulum ultrices quam ex, a fermentum mi lobortis a. Proin sit amet neque a libero porttitor blandit. Vestibulum sed tempor nulla. Aliquam nec dictum ligula, id commodo nisi. Aenean vel blandit nulla. Donec lacinia, sapien vitae malesuada hendrerit, nisl sem porta felis, id gravida risus metus at magna. Suspendisse gravida justo at sagittis blandit. Etiam ullamcorper vel dui eget tincidunt. Aliquam sit amet maximus tortor. Donec euismod urna urna, id ultrices ligula ullamcorper in. Aliquam rutrum, quam ac ullamcorper vehicula, urna nunc egestas metus, at dapibus magna diam at lectus. Vestibulum rhoncus interdum magna a convallis. Duis id magna et nibh sagittis cursus et eget orci.",,"30.jpg",95202055,"897 boulevard des feuilles mortes","PARIS",75016,
